{"mean":{"confidence_interval":{"confidence_level":0.95,"lower_bound":1.2135708333093338,"upper_bound":1.2350688233865421},"point_estimate":1.2237133175143007,"standard_error":0.005496174475277534},"median":{"confidence_interval":{"confidence_level":0.95,"lower_bound":1.2023480164024165,"upper_bound":1.2146479081151018},"point_estimate":1.20644510168275,"standard_error":0.0035131214589488955},"median_abs_dev":{"confidence_interval":{"confidence_level":0.95,"lower_bound":0.01682652117207976,"upper_bound":0.03824196010368064},"point_estimate":0.022303323683254158,"standard_error":0.005972471047591041},"slope":{"confidence_interval":{"confidence_level":0.95,"lower_bound":1.213741075537584,"upper_bound":1.2332783246072463},"point_estimate":1.222714110517425,"standard_error":0.0049608474331283205},"std_dev":{"confidence_interval":{"confidence_level":0.95,"lower_bound":0.0388982369762744,"upper_bound":0.06969293756115669},"point_estimate":0.05502693315253803,"standard_error":0.007906173852003847}}